문장,극성
"세계 드래곤은 말레이시아, 싱가포르, 인도네시아, 필리핀 및 태국을 포함한 5 개국에서 동시에 출시 될 것이며, 또한 자메이카를 통해 대만 지역 출시를 준비하고 있다.",미정
바다에는 폭풍이 폭풍으로 타는 곳들이 있을 것이다.,미정
"에어버스 헬리콥터의 H155B1 플랫폼을 기반으로, LAH는 최신 공격 방지 장비와 무장 촬영 제어 장비를 갖추고, 조종사의 편리함과 생존을 향상시킬 것이며, 통합 작전을 위해 최적화 될 것이며, 2022 년까지 개발을 완료 할 것이다.",미정
확인된 임산부가 코로나 바이러스를 태아 또는 신생아에게 전달할 수 있나요?,미정
Corona 19와 관련된 기사를 쓰지 못할 날이 언제 올까요?,미정
"모집 기간은 다음 달 5일까지 진행되며, 인터뷰와 제출 설명은 다음 달 10일 서울에서 진행될 예정이다.",미정
또한 빙하 또는 이스트 랜드에서 녹은 물이 토양을 오염 시키거나 강과 호수와 같은 수원으로 흐를 가능성이 있다.,미정
"태풍 번호 9 ""미샤크""는 앞으로 2 ~ 3 일 동안 강한 바람과 함께 400mm 이상의 물 폭탄이있는 일부 지역에 영향을 미칠 것으로 예상된다.",미정
경찰은 미국의 공개 이후 김정은이 주류 당국자들을 동원하고 미국을 압박했다는 의혹을 조사하고 있다.,미정
빠른 음식의 시장에 무슨 일이 일어날 것인가?,미정
"""우리는 국왕 광장과 국왕 광장 역에서 비즈니스 마을을 만들기 위해 지방 경찰서와 지방 경찰서를 옮길 계획입니다.""",미정
이제 관심은 '파라시트'가 북미의 영화 산업 중심부에서 비영어 작품을위한 최고의 연기 기록이 될 것이라는 것이다.,미정
또한 외부 컨설턴트로부터 조언을 제공할 것이다.,미정
"한편, 17일의 온도는 내부와 외부에서 3~5도 상승할 것이며, 전날과 비교하면 평소보다 약간 높아질 것이다.",미정
그러나 최근에는 표적 치료의 출현이 전염된 유방암 치료의 효율성을 크게 향상시켰으며 5년 이상의 장기 생존이 예상된다.,미정
"용감한 사람, 용감한 영웅?",미정
마이크로소프트는 또한 게임의 글로벌 출시와 동시에 Xbox GamePass를 제공 할 것이다.,미정
어린이 1백만 원을 나누는 데 비용이 얼마나 들까요?,미정
"다음날 아침 18일, 최대 온도는 19-23도, 최대 온도는 26-32도로 예상된다.",미정
"영웅은 2주 연속으로 배제되지 않으며, 팬과 플레이어의 의견을 적극적으로 감소함으로써 시즌 중 영웅 회전을 수정할 수 있다.",미정
"O2O 플랫폼 업계를 호스팅하는 것은 하루 플레이어의 1위와 2위이며, 작년에 인수와 통합을 통해 함께 성장하거나 미래에 집중하는 것은 그들 사이의 경쟁의 전망이 더욱 격렬해질 것이다.",미정
"우리는 KUH-1 헬리콥터와 LAH 소형 무장 헬리콥터 기술 파트너십을 통해 공군의 대형 운송 항공기의 도입과 소형 및 중형 운송 항공기의 국내 개발을 기대하며, 이는 에어버스와 우리나라의 항공 우주 방위 산업 기업과의 상호 경제적 전략적 파트너십을 이끌 것이다.",미정
예상 강수량은 5 ~ 40 mm이며 남서부 해안과 남서부의 내부와 외부에 5 mm의 비가 내릴 것이다.,미정
중국의 주요 도시의 지표를 5개로 늘릴 계획이다.,미정
정부의 조치가 얼마나 효과적인지는 아직 명확하지 않다.,미정
암 수술 또는 암 치료 또는 방사선 요법을 약한 면역 상태에서받는 경우 면역력을 회복하는 데 어려움을 겪을 수 있다.,미정
"글로벌 진보의 일환으로, 싱가포르의 의료 그룹인 JYSK 그룹과 글로벌 진보를 위한 비즈니스 계약이 체결되며, 싱가포르의 비만 클리닉 1을 포함한 ASEAN 국가에 100개가 넘는 클리닉이 개설될 예정이다.",미정
3년 만에 다보스를 설립한 Justice Line Modern Cars의 CEO는 기술 혁신과 비용 절감을 통해 수소 사회를 발전시키는 계획을 고려하고 있다.,미정
큐레이터가 작품과 지인들의 소유권을 조정하지 못했나요?,미정
"""다시 사용 된 아기 옷과 침구를 재사용 할 수 있습니까?""",미정
이제 AI가 바리스타와 게이머가 되면서 모든 곳에서 사람들을 밀어내면 ‘인류’는 어디에 있나요?,미정
확인된 어머니와 신생아가 같은 방에 있을 수 있나요?,미정
"""코로나 전염병이 끝난 정원에서, 왜 여기에 와서 마스크 마케팅을해야하는지 궁금해 할 수 있습니다.""",미정
불안과 위험한 환경이 인간의 두뇌가 편리함과 안전을 선택하게 할 때 미래 사회는 어떻게 보일까요?,미정
"첫 시즌에는 20,000 달러 이상을 지원할 것이다.",미정
그것은 또한 지난 12 일간의 협상에서 한 번 붕괴를 일으키는 요인이 될 수 있으며 일반적인 파업과 비슷한 노동 투쟁의 원인이 될 수 있다.,미정
아파트는 왜 망가졌을까?,미정
그 이유는 무엇인가.,미정
"만약 미국이 이자율을 0.75% 포인트 상승한다면, 미국의 기본 이자율 상위는 1.75%가 될 것이며 한국의 기본 이자율과 동일할 것이다.",미정
동물영화는 왜 그렇게 인기가 있는 것일까?,미정
"그것은 주요 운전 도전으로 민간 비즈니스 부문에서 승용차의 탈출을 촉진하고, 시민과 함께 ""사고차에 대한 공격 없음""운동의 발전뿐만 아니라 승용차의 감소를위한 기관 선택의 정책을 촉진 할 계획이다.",미정
"둘째, 콘택트 렌즈를 너무 오랫동안 착용하면 눈에 손상을 줄 수 있다.",미정
그러나 현실은 어떻나요?,미정
“코로나 바이러스 감염 위험이 있습니까?”,미정
코로나가 조직함에 따라 자동차의 유지 보수 및 검사 방법도 바뀔 것으로 예상된다.,미정
치료 시간을 놓치면 증상이 점차 악화 될 수 있으며 심한 경우에는 장님으로 이어질 수 있다.,미정
"그는 “5~6년 전까지 100명 중 10명은 훌륭한 기술을 보여주었지만, 최근에는 100명 중 5명으로 떨어진 것으로 보인다”고 말했다.",미정
"그는 “전통적인 뇌졸중에 대한 예방 조치 외에도 전 세계적으로 높은 사망률이 있으며, 삶의 질을 향상시키는 치매와 알츠하이머 치료도 그 결과를 향상시킬 것”이라고 말했다.",미정
특히 일몰이 떨어지는 지역에서는 중앙 내부 지역 주위에 폭풍과 폭풍이 떨어지는 것과 함께 폭풍과 폭풍이 발생할 것이다.,미정
현재 125명의 대표 학생들이 활동하고 있으며 그 숫자는 점차 300명으로 늘어날 예정이다.,미정
서울의 여러 지역에서 어디를 방문해야합니까?,미정
가장 좋은 목록은 어디에 있나요?,미정
"씨앗이 썩을 때, 신경은 영구적 인 씨앗으로 전송 될 수 있다.",미정
발표는 축제 후일지도 모른다.,미정
"7 월, 우리는 버밍엄 - 바르셀로나 경로와 버밍엄 - 이스탄불 경로를 시작할 것이다.",미정
"당신이 내부에서 무거운 인사를 찾을 수 없다면, 외부 낙하산이 올 수 있다.",미정
"Baugh 교수는 ""국내 사업이라면 LP 자회사 부동산 시장이 완전히 운영되고 세금 혜택이 백업되어 중형 M&A 시장이 활성화 될 수 있도록 두 번째 벤처 붐이 계속 될 것입니다.""라고 말했다.",미정
올해는 비행 영역과 시간을 확장하는 것 외에도 축적된 데이터를 분석하고 기술을 발전시켜 승객에게 최적화된 맞춤형 비행 양식을 권장할 것이다.,미정
"지난 12 월에 Steam에 Ally Access를 출시 한 이후 Steam은 그것을 ""2019 년 최고의 릴리스""로 선정했으며 올해 1 분기에 공식적으로 출시 될 것이다.",미정
5G 및 인공 지능의 미래는 무엇을 가져올 것인가?,미정
올해의 수업은 안전하게 진행될 예정이다.,미정
어쩌면 살아가는 것을 잊어버렸을지도 모른다.,미정
"당신은 '낚시 가게'에서 수시 집에서 사용 된 물고기를 키울 수 있으며, 임무 실패로 잃어버린 물고기를 어느 정도 회복 할 수 있다.",미정
"LCH 개발 프로젝트는 국내 민간 헬리콥터를 대체하기위한 소형 광산 헬리콥터 개발 프로젝트이며, LAH와 같은 플랫폼을 기반으로 승객 운송, 항해, 응급 의료, 안전, 화재 압력 등을 작동 할 수있는 다기능 헬리콥터로 개발되고 있으며, 2021 년에 완료 될 것이다.",미정
새로운 코로나 19 테스트는 무엇입니까?,미정
"당신은 “휴식”, “출발”, “치료 룸”을 선택하거나 양육 과정에서 피트니스의 “능력”을 습득 할 수 있다.",미정
Corona19 인증 아동 마스크를 착용해야합니까?,미정
해외는 한국 게임에 대한 규제 항목으로 사용할 수 있다.,미정
"당신이 게임의 이야기를 진행할수록, 당신은 각 캐릭터를 영감을 가진 기존 레이싱 말의 특성과 특성을 보여주는 세계관을 볼 수 있다.",미정
알고리즘 stablecoin의 특징적인 가격 고정이 붕괴하고 회복 흐름이 언제든지 발생할 수 있다.,미정
총 1 억 FORT가 제공되며 소지자는 재단의 지배 투표에 참여할 수 있다.,미정
"""임산부가 감염되면 임신 과정에 어떤 영향을 미치나요?",미정
그렇다면 국회 의원은 국회 의원일까?,미정
만약 투자가 올해 발표되었더라면 올해 토론토 블루스에 갔던 루오  징 선수는 로스 앤젤레스 다셔스에 머물러 프랜차이즈 스타로 자리 잡았을지도 모른다.,미정
"최근 노동 정책과 판단의 변화와 함께, 우리는 회사의 위치에서 현명하게 그들을 다루는 방법을 생각하고 있다.",미정
그때 나는 그가 무슨 똥을 말하고 있는지 궁금했다.,미정
미래의 국가 지원 계획은 무엇입니까?,미정
"게임 회사는 컨설팅, 마케팅, 더블링, 번역, 테스트 서비스, 인프라 및 기타 서비스와 같은 필요한 해외 출국 지원 서비스를 직접 검색하고 공개 시장 형태로 전용 플랫폼 ""게임 더 플랫폼""을 검색할 수 있다.",미정
북쪽 하늘에서 4일 밤을 보낼 수 있을까?,미정
“내가 내 네트워크를 업그레이드할 때마다 고객에게 새로운 서비스를 제공해야 하지 않겠습니까?”,미정
독일의 베네딕토 16세와 아르헨티나의 프란치스코 교황 사이에 무슨 일이 일어났나요?,미정
혈액 방사선 검사는 무엇입니까?,미정
또한 게임 산업에 대한 투자가 더 적게 줄어들 수 있다.,미정
“우리는 ‘디지털 미디어 리브’를 넘어 ‘노버랜드 디지털 마케팅 플랫폼 기업’이 될 것이다.,미정
"그 아름다운 풍경이 내 앞에 있고, 어떻게 과거를 잊고 집행을 준비할 수 있을까.",미정
면역력을 높이고 암 세포를 죽이는 데 도움이되는 의료 면역 요법과 암 치료를 결합하면 암 전염과 재발의 가능성을 줄일 수 있다.,미정
자신의 나라의 미래를 위해 일하고 싶은 사람들은 누구입니까?,미정
그는 끔찍한 겁쟁이였나요?,미정
"제24조 조항에 의하면, 징계사와 관련하여 불만을 제기하는 경우, 징계사 판결은 사건이 완료될 때까지 중단되며, 징계사에 대한 명확한 증거가 있는 경우에는 징계사 판결을 진행할 수 있다.",미정
누가 첫 번째 에디션을 썼나요?,미정
"특히 논란이 되는 것은 일부 사례가 ""직업의 극단적 인 증가""로 간주 될 수 있는지 여부이다.",미정
이 날에는 해안의 중간에 날씨가 상승 할 것이며 날씨는 계속 상승 할 것이다.,미정
남자와 여자가 친구가 될 수 있나요?,미정
처음으로 공군의 교차 태평양 직항 비행은 조종사가 장거리 항해 훈련을 경험할 수있게하며 미국 공군 기지의 무료 사용 비용과 워싱턴 DC와 워싱턴 DC 사이의 항공편을 사용하여 워싱턴 DC로 이동하는 비용을 줄일 것으로 예상된다.,미정
“현재 설치된 제품의 차이점은 무엇입니까?”,미정
내부에도 어두운 구름이 있을 것이다.,미정
이들 중 어느 것이 가장 효과적입니까?,미정
왜 독성 사망자는 중국에서만 발생하는가?,미정
"그것은 우연이었을지도 모르지만, 그들의 고향 작품의 역사상 최초의 오스카 수상 이후 멘토를 찾는 저널리스트에 대한 태도는 올해 아카데미에서 가장 많이 수상한 나라에서 바뀌었을지도 모른다.",미정
리그에 참여하지 않는 사용자가 함께 즐길 수있는 구조를 만들기 위해 eSports 측면을 강화할 계획이다.,미정
이 기술이 구현되면 배드민턴을 배우는 사람들이 셔틀을 올바르게 타는지 스스로 확인할 수있는 시스템이 만들어집니다.,미정
문제는 ‘범죄에 무력화’라는 교육의 폐지가 낮은 출산에 의해 더욱 악화될 수 있다는 것이다.,미정
기초 수익률 격차가 작거나 미국 기초 수익률이 더 높은 상태로 회전되는 상황이 있다면 외국 투자자의 자금 유출로 원유 통화의 가치가 더 떨어질 수 있다.,미정
"JSC 에어워즈는 지난 5월부터 주당 2회에서 주당 4회로 지난에서 구암으로 가는 항공편을 늘렸으며, 6월 24일부터 부산-싱가포르 항공편을 재개할 예정이다.",미정
기능뿐만 아니라 시메트로 장착 된 디자인 패널뿐만 아니라 평가에 따르면 기존 건축 외부 재료와 달리 기술 특허 및 디자인 특허가 신청 된 상황이며 현재 국제 특허 신청도 준비 중이다.,미정
또한 KC-330은 14일 중국-미국 안보위원회에 참석하기 위해 우리 대표단을 운반하여 태평양을 건너갈 예정이다.,미정
시베리아 전염병과 마찬가지로 우리가 이미 알고있는 전염병이나 새로운 감염은 동물 전염을 통해 또는 직접 접촉을 통해 전 세계에 퍼질 수 있다.,미정
"16일 기상청에 따르면, 17일 오후 늦게부터 경기의 밤과 남쪽과 서쪽 광장 사이에 남쪽과 북서쪽 광장에는 태양이 일어날 것이며 폭풍과 폭풍과 폭풍이 일어날 것이다.",미정
새로운 ESL Pro Tour Starcraft 2는 기존의 Starcraft 2 월드 챔피언십 시리즈의 후계자로 4 개 이상의 대륙을 덮을 것이다.,미정
거기 거리가 있나요?,미정
"스포츠에서 전반적인 도로지도를 그리는 수준에서, 미래의 스포츠에 적합한 게임은 갤럭틱 게임을 통해 계속 출시 될 것이다.",미정
"KF-X의 운영 대상인 공군은 10월 1일부터 10월 30일까지 한국 유형 전투기 KF-X 지명 지휘부를 통해 제출한 작업에서 지명의 상징성, 호출의 쉬움 및 의미를 고려할 것이며, 공식 지명으로 사용될 것이다.",미정
"5월에는 홍콩-프랑크푸르트 경로가 4주에서 5주로 늘어나고, 5월 30일부터 홍콩-런던 경로는 2주에서 3주로 늘어날 예정이다.",미정
"＇월드 오브 드래곤네스트＇는 오는 8일 말레이시아, 싱가포르, 인도네시아, 필리핀, 태국 등 5개 국가에 동시 출시될 예정이며 감마니아를 통해 대만 지역 출시도 준비 중이다.",미정
해상에서는 서해상을 중심으로 돌풍과 함께 천둥·번개가 치는 곳이 있겠다.,미정
"LAH는 에어버스헬리콥터의 H155B1 플랫폼을 기반으로 최신 항전장비와 무장사격통제장비를 탑재하고, 조종 편의성, 생존성 등이 강화되어 통합작전에 최적화된 기체로 2019년 상공적인 초도비행을 거쳐 2022년까지 개발 완료 예정이다.",미정
＂확진 임신부가 태아나 신생아에게 코로나를 전염시킬 수 있나?＂,미정
최대 8인의 전투부대를 구성해 지옥성물함 공격대 우두머리에 도전할 수 있으며 150명으로 구성된 클랜을 통해 대규모 PvP 콘텐츠인 ＇투쟁의 굴레＇를 즐길수도 있다.,미정
언제쯤 코로나19 관련 기사를 쓰지 않아도 되는 날이 올까요.,미정
모집 기간은 다음달 5일까지며 인터뷰 및 초빙 설명회는 다음달 10일 서울에서 진행될 예정이다.,미정
한국인 경제력의 25분의 1에 불과한 북한 주민이 정말 인구절벽에 선 대한민국의 마지막 희망인 것일까.,미정
"한국형 장거리공대지유도탄은 적의 대공위협지역에서 벗어난 거리에서 전략 표적을 정밀 공격할 수 있는 순항유도탄으로 독일산 타우러스 대비 낮은 도입 단가와 유지 비용, 더 높은 정밀도, 항재밍 능력 등 주요 성능은 동급 이상으로 항공 플랫폼 탑재 효율성 및 생존성 극대화를 위해 소형화, 경량화, 항공연동화, 스텔스 기능까지 더해질 예정이다.",미정
"또 빙하나 동토가 녹은 물이 토양을 오염시키거나, 강과 호수 등 식수원에 유입될 가능성도 있습니다.",미정
제9호 태풍 ＇마이삭＇이 오는 2~3일 전국에 강한 바람과 함께 일부 지역에는 400㎜ 이상의 물폭탄이 예상된다.,미정
경찰은 A씨 폭로 이후 김씨가 주점 관계자들을 동원해 A씨를 압박했다는 의혹도 조사 중이다.,미정
패스트푸드 시장은 앞으로 어떻게 될까.,미정
서방 학자들이 흔히 범하는 희망적 사고나 확증 편향 오류였을까.,미정
＂성동구청과 성동경찰서를 옮겨 왕십리광장과 왕십리역 일대에 비즈니스 타운을 조성할 계획입니다.＂,미정
경찰은 박 씨가 앞서 달리던 화물차를 제대로 보지 못해 사고가 난 것으로 보고 있다.,미정
이제 관심은 ＇기생충＇이 영화 산업 중심지 북미에서 비영어 작품으로 최고의 흥행 기록을 세울지다.,미정
여기에다가 외부 추천위원들의 추천·동의 절차를 신설하겠다는 것이다.,미정
한편 17일 낮 기온이 전날 대비 3~5도 내외로 올라 평년보다 조금 높겠다.,미정
"그러나 최근에는 표적치료제의 등장으로 전이성 유방암 치료 성적이 크게 개선됐으며, 5년 이상의 장기 생존 역시 기대할 수 있게 됐다.",미정
"＂무모한 돈키호테인가, 용감한 영웅인가?＂.",미정
국내 게임 시장의 최고 인기 장르 중 하나인 MMORPG에 등장하는 캐릭터는 어떻게 개발될까.,미정
마이크로소프트는 해당 게임의 글로벌 발매와 동시에 엑스박스 게임패스로도 이용할 수 있게 제공할 예정이다.,미정
어린애들까지 1인당 10만원씩 나눠 쓴다고 과연 얼마나 소비 진작 효과가 생길까.,미정
"이튿날인 18일 아침최저기온은 19~23도, 낮최고기온은 26~32도를 기록할 전망이다.",미정
그러나 20세기 초반 미국인들을 더 큰 공포로 몰아넣은 것은 1929년의 대공황이 아니었을까.,미정
"단 어떤 영웅도 2주 연속 제외되지 않으며 영웅 로테이션은 팬, 선수 등의 의견을 적극 수렴해 시즌 중에도 수정될 수 있다.",미정
"아침에 일어나서 잠이 들 때까지 스크린을 통한 정보를 뇌에 입력받으며 정보의 홍수 속에 살아가는 정보화 시대. 과연 하루 동안 내리는 다양한 의사결정의 주체는 과연 ＇나＇일까, 아니면 나의 뇌 속에 들어와 있는 ＇정보＇일까.",미정
숙박 O2O 플랫폼 업계 1·2위를 차지하고 있는 야놀자와 여기어때가 작년 한 해 나란히 인수·합병을 통해 몸집을 키우거나 중심을 잡아 나감에 따라 향후 이들 간에 경쟁이 더욱 치열해질 전망이다.,미정
"하지만, 뇌가소성의 효과일까.",미정
공군 대형 수송기 도입 및 중소형 수송기 국내 개발에 KUH-1 기동헬기와 LAH 소형무장헬기 기술제휴 이상의 통크고 파격적인 제안을 통해 에어버스와 우리나라 항공우주방위산업기업들과 상호 경제적인 전략적 파트너쉽으로 이어지기를 기대해본다.,미정
"예상 강수량은 5∼40㎜로, 충남서해안과 전라권서부엔 5㎜ 내외의 비가 내리겠다.",미정
연내 중국 내 주요 도시의 랜드마크를 중심으로 5호점까지 늘릴 계획이다.,미정
이미 농축산물 가격이 고공행진을 벌이는 상황이라 정부 대책이 얼마나 효과를 거둘지는 미지수다.,미정
HDMI 포트를 통해 대형 TV에 연결해 내장된 20가지의 네오지오 오리지널 게임을 즐길 수 있으며 추가 게임도 주기적으로 공개될 예정이다.,미정
"이렇게 면역력이 약한 상태에서 암 수술이나 항암치료, 방사선치료를 받게 되면 면역력 회복에 어려움을 겪을 수 있다.",미정
그런데 필자만의 편견일까?,미정
국내 유통공룡들은 어떤 생존 전략을 준비하고 있나.,미정
때마침 미국과 중국 간 2단계 무역 협상이 진행 중이다.,미정
산속에서 호환을 피할 수는 없을까.,미정
"글로벌 진출 일환으로 싱가포르 굴지의 메디컬그룹 JYSK그룹과 글로벌 진출을 위한 업무협약을 맺고, 싱가포르 비만 클리닉 1호점을 비롯해 아세안 국가에 100개 이상 클리닉을 개소할 계획이다.",미정
어떤 스윙일까요.,미정
출품을 희망하는 직업계고 학생들은 5인 이내의 팀을 구성해 온라인으로 참가 신청할 수 있다.,미정
3년 만에 다보스를 찾은 정의선 현대차 수석부회장은 기술혁신과 비용절감을 통해 수소사회를 앞당기겠다는 방안을 구상 중이다.,미정
두 사람이 주고받은 시가 한 질이나 됐으며 당시 공경대부도 백대붕의 문장에 감탄해 그를 함부로 대하지 못했다고 한다.,미정
송 큐레이터는 지인들과 작품 소유 정리에 실패한 것일까?,미정
＂확진된 영아 옷과 침구류는 재사용이 가능한가?＂,미정
"AI가 바리스타와 바둑기사가 되어 곳곳에서 사람을 밀어내는 지금, ＇인간다움＇이란 어디에 있을까.",미정
그래도 막상 그곳을 떠올린다면 다르지 않을까.,미정
＂확진된 산모와 신생아가 같은 방에서 지내도 되나?＂,미정
"국내 민간항공사 가운데, 현재까지는 대한항공만 B787-9 10대를 도입하여 운용 중이며, 추가 주문한 10대 외에 B787-10도 20대 도입 예정으로 국제선 장거리노선의 주력 기종으로 투입할 예정이다.",미정
경찰은 A씨가 남긴 메모 및 주변인 진술 등을 토대로 구체적 사건 경위를 파악 중이다.,미정
"＇코로나 팬데믹도 다 끝나가는 마당에, 이제 와서 마스크 마케팅을 왜 할까＇ 의문이 들 수도 있다.",미정
한국의 경우 콘솔 중심의 서구권 시장보다는 PC온라인게임이 주를 이뤘던 중국을 비롯한 아시아권 시장에서 성장한 탓도 크다.,미정
불안과 위험스러운 환경이 인간의 뇌로 하여금 편리함과 안전을 선택하게 만드는 미래 사회는 과연 어떠한 모습일까.,미정
첫 시즌에는 20만 달러 이상을 지원할 예정이다.,미정
지난 12일 교섭에서 결렬을 한 번 초래한 요인이기도 하고 자칫 이번 총파업과 유사한 노동계 투쟁의 불씨가 될 수 있다.,미정
세종시 아파트가 들썩거리는 이유는 무엇일까.,미정
그 이유는 뭘까.,미정
장인은 노점을 개설해 다른 이용자에게 아이템을 판매하고 재화를 획득할 수도 있다.,미정
이 극을 본 난 뒤 관객들은 대부분 비슷한 감상을 하지 않을까 싶다.,미정
대테러 작전이라지만 전쟁을 불사할 만큼 그렇게 긴박한 상황이었을까?,미정
"미국이 0.75%포인트 금리 인상에 나설 경우, 미국의 기준금리 상단이 1.75%가 돼 한국의 기준금리와 같아지게 된다.",미정
뿜을 때까지 기다리지 말고 촘촘히 대책을 마련해야 할 것이다.,미정
그럼 주목할 만한 종목으로는 어떤 것이 있을까요.,미정
근래 들어 동물 소재 영화가 범람하는 이유는 무엇일까.,미정
전장에 배치된 구조물을 파괴해 유불리를 전환할 수도 있다.,미정
볼일을 보고 꼭지만 누르면 그걸로 끝이라고 믿었는가.,미정
＇교외 경시대회＇로 분류돼 이를 쓸 경우 오히려 불이익을 받을 수 있다.,미정
"핵심적인 추진과제로 민간사업 부문 경유차 퇴출 유도, 시민과 함께 ＇경유차 안 사고 안타기＇ 운동 전개, 경유차 감축을 위한 제도개선 정책을 과감하게 추진한다는 계획이다.",미정
"둘째, 콘택트렌즈도 너무 오래 쓰면 안구건조증의 원인이 될 수 있다.",미정
그런데 현실은 어떨까?,미정
＂모유 수유로 영아에게 코로나가 전염될 위험은?＂,미정
코로나가 장기화하면서 자동차 정비와 점검 방법도 변화가 예상된다.,미정
치료 시기를 놓치면 증상이 점차 악화할뿐더러 심한 경우 실명으로 이어질 수 있다.,미정
PC나 스마트폰이 버벅일 때 어떻게 하는가?,미정
＂환자 입장에서 편의성이나 안전성 등은 어떤가?＂,미정
한 호남권 과학고 교장은 ＂5~6년 전까지는 입학생 100명 중 10명가량이 매우 뛰어난 실력을 보였다＂며 ＂하지만 최근에는 그 비율이 100명 중 5명 정도로 줄어든 것 같다＂고 전했다.,미정
정 대표는 ＂세계적으로 사망률이 높은 만성질환인 뇌졸중에 대한 예방제 외에 삶의 질을 높여 주는 치매·알츠하이머 치료제 연구에도 성과를 높이겠다＂고 말했다.,미정
"특히, 소나기가 내리는 지역에선 돌풍과 함께 천둥·번개가 치고 중부내륙 지역을 중심으로 우박이 떨어지는 곳이 있겠다.",미정
"현재는 125명의 대표자 학생들이 활동하고 있으며, 300명까지 그 숫자가 점차 늘어날 것이다.",미정
"이용자는 다른 세계 명마들의 이름과 영혼을 이어받아 꼬리와 귀, 초인적인 주력을 가진 ＇우마무스메＇와 함께 이들을 트레이닝하는 교육 기관 ＇트레센 학원＇의 신인 트레이너의 역할을 맡아 많은 ＇우마무스메＇의 목표인 ＇트윙클 시리즈＇에 활약하기 위해 고군분투하는 이야기를 경험할 수 있다.",미정
그렇다면 서울·수도권 여러 지역 중 눈여겨볼 만한 곳은 어디일까.,미정
그렇다면 조선 최고의 명문가는 어딜까.,미정
유치가 썩어 충치가 되면 신경이 이어진 영구치 씨앗에 전이될 수 있다.,미정
발표는 설 연휴 전후가 될 수 있다.,미정
이들 두 ESL 프로 투어 외에도 아마추어 선수 등을 위한 주간 ESL 오픈컵이 진행될 예정이다.,미정
"7월에는 인천-바르셀로나 노선, 인천-이스탄불 노선 운항에 나선다.",미정
내부에서 중량감 있는 인사를 찾지 못하면 외부 낙하산이 올 수도 있다.,미정
"건강의 핵심 키워드가 심장에서 뇌로 옮겨오고, 인간 의식의 기전을 밝히려는 뇌과학이 인류과학의 정점으로 주목받는 때이다.",미정
백 교수는 ＂국내에서는 전무하다시피 LP지분 세컨더리 시장이 본격 가동되고 중소형 M&A 시장이 활발해질 수 있게 세제 혜택이 뒷받침된다면 제2벤처붐이 지속될 수 있을 것＂이라고 내다봤다.,미정
＂산모나 신생아 치료는?＂,미정
"올해는 동승 가능 지역과 시간 확장 외에도, 축적되는 데이터를 분석해 승객에게 최적화된 맞춤형 탑승 형태를 추천하는 기술을 고도화할 예정이다.",미정
지난 12월 스팀에 얼리 엑세스 출시된 이후 스팀이 선정한 ＇2019 최고 출시작＇으로 선정된 바 있으며 올해 1분기 내에 정식 출시할 예정이다.,미정
＂5G와 인공지능의 진화가 가져올 미래는 어떤 모습일까.＂,미정
이상문학상의 올해 작품집이 무사히 출간될지는 미지수다.,미정
까마득 잊고 살았던 걸까.,미정
＇양식장＇에서 스시집에서 사용할 물고기를 기를 수 있고 미션 수행 실패 시 잃은 물고기를 어느 정도 회복할 수 있다.,미정
"LCH 개발사업은 해외 도입 기체들뿐인 국내 민관 헬기를 대체 목적의 소형 민수헬기를 개발사업으로, LAH와 같은 플랫폼을 기반으로 승객 운송, 탐색구조, 응급의료, 치안유지, 화재진압 등에 운용할 수 있는 다목적 기체로 개발 중이며, 2018년 초도비행을 거쳐 2021년 개발 완료 예정이다.",미정
대검의 청구에 따라 법무부가 감찰위원회와 징계위원회를 거쳐 최종 징계 수위를 결정하게 된다.,미정
현재 제품 사진을 등록하면 템플릿이 매칭되도록 하는 인공지능 자동 추천 솔루션 개발 중이다.,미정
＂새로 개발된 코로나19 검사법은?＂,미정
"＇휴식＇, ＇외출＇, ＇양호실＇을 선택하거나 육성 과정에서 적성의 ＇스킬＇을 획득할 수도 있다.",미정
이 세균이 충치나 잇몸 염증을 유발해 치주질환을 일으킬 수도 있다.,미정
"거품 붕괴를 촉발하는 것은 중국 우한의 바이러스일 수도 있고, 재집권을 노리는 도널드 트럼프 미국 대통령의 변덕일 수도 있다.",미정
"즉, 3% 정도 지지를 받은 정당은 득표만큼 의석을 가져가지 못하는 반면, 오히려 지지율이 미미한 정당이 의석을 가져가는 현상이 발생할 수 있다.",미정
＂코로나19로 확진된 영아도 마스크를 착용해야 하나?＂,미정
해외서는 한국 게임에 대한 규제 명분으로 활용할 수 있다.,미정
"해탈이 뭐라고, 그 순간을 경험하겠다며 평생을 수행하는 사람들도 수두룩한 세상에 6시간 걸으며 그 희열과 공허함을 느낄 수 있다면, 일생에 그보다 더 좋은 선물이 또 있을까 싶다.",미정
경찰은 목격자 등을 상대로 사고 경위를 조사 중이다.,미정
"참고로 미국의 차세대 군용 헬기 개발은 각 체급별 플랫폼을 기반으로 공격, 정찰, 수송, 의무후송, 소해, 탐색구조 등 단일 플랫폼으로 모든 임무가 가능한 기종으로 개발 계획을 진행 중이다.",미정
＂호남과 강서에 한재가 들었으니 상을 마련해 곡식을 저장하고 있는 집들에 권유하도록 하십시오.＂,미정
게임의 스토리를 진행할수록 각 캐릭터에게 영감을 준 실존 경주마의 특성과 성격을 잘 고증하는 세계관도 확인할 수 있다.,미정
이를 위해 공군은 2022년까지 기존 C-130의 성능개량과 함께 장거리 공수능력 확보를 위해 보잉 C-17과 에어버스 A400M 같은 대형 기종을 도입할 예정이다.,미정
"해상에서 펼쳐지는 함선간의 전투를 그린 모바일 어드벤처 RPG ＇가디언 프로젝트＇와 일본 유명 게임을 소재로 제작된 여성향 게임 ＇검, 시간을 긋다＇, 방치형 모바일 RPG ＇방치학개론＇을 상반기에 출시한다는 계획이다.",미정
＂대사이자 경험이 많은 멘토로 말씀을 드리자면 실패 없는 창조와 혁신은 없다는 것입니다.＂,미정
알고리즘 스테이블 코인의 특성상 가격 고정이 무너졌다가 다시 복구하는 흐름은 언제든 생겨날 수 있다.,미정
FORT는 총 10억개가 공급되며 보유자는 재단의 거버넌스 투표에 참여할 수 있다.,미정
＂임신부가 감염되면 임신 경과에 어떤 영향을 미치나?＂,미정
그렇다면 국회의원은 지역구의 민원 창구라는 말일까?,미정
투자가 성사됐더라면 올해 토론토 블루제이스로 이적한 류현진 선수가 LA 다저스에 잔류해 프랜차이즈 스타로 자리매김했을지도 모른다.,미정
최근 노동정책과 판결의 빠른 변화로 기업 입장에서는 슬기롭게 대처할 수 있는 방안을 고민 중이다.,미정
그렇다면 차천로는 과연 어떤 비석을 두고 이런 말을 했던 걸까.,미정
＂향후 국내 보급 계획은?＂,미정
"게임사는 오픈 마켓 형태의 전용 플랫폼인 ＇게임더하기 플랫폼＇에서 컨설팅, 마케팅, 더빙, 번역, 테스트 서비스, 인프라 등 필요한 해외진출 지원 서비스를 직접 검색 및 조회해 사용할 수 있다.",미정
4일 밤 북쪽 밤하늘에서 무수한 유성우와 조우할 수 있을까.,미정
"＂네트워크를 업그레이드할 때마다, 새 시즌이 될 때마다 고객에게도 또 다른 서비스를 드려야 하지 않을까요?＂",미정
독일 출신 베네딕토 16세와 아르헨티나 출신 프란치스코 교황 사이엔 어떤 일이 있었을까.,미정
＂혈액방사선조사기란 무엇인가?＂,미정
가뜩이나 줄어든 게임산업에 대한 투자도 더 줄어들 수 있다.,미정
＂＇디지털 미디어렙＇을 넘어 ＇넘버원 디지털 마케팅 플랫폼 기업＇으로 도약할 것이다.＂,미정
"병원에 전달된 후원금은 방호복, 마스크, 손세정제 등의 부족으로 어려움을 겪고 있는 현장 의료진들의 방역 물품을 지원하는 데 우선적으로 쓰이며 환자 치료를 위한 의료 기기 구비 및 확산 방지를 위해 노력하는 의료진 활동 등에 사용될 예정이다.",미정
그 아름다운 풍광이 눈앞에 있는데 어찌 속세를 잊고 수행에 정진할 수 있을까 싶다.,미정
과연 공주와 단종의 유복자는 관노의 삶을 살았을까.,미정
항암치료 중 면역력을 높여 암세포를 사멸하도록 돕는 한의학 면역치료를 병행하면 암의 전이와 재발 확률을 낮출 수 있다.,미정
다른 쪽에 전시된 친환경 데이터센터 솔루션 부스에선 단순히 냉각수를 활용해왔던 기존 시스템보다 50% 에너지 절감 효과를 볼 수 있다고 했다.,미정
국가의 미래가 좌우될 만큼 중요한 자리에 자신이 나서서 일하겠다고 나선 사람들은 누구일까.,미정
토론토 블루제이스 1선발로 2020년 메이저리그를 시작하는 류현진의 올해 성적표는 어떨까.,미정
그런데 과연 푸드테크협의회에서 대기업과 스타트업 간 협력이 가능할까.,미정
그렇다면 조선군은 형편없는 겁쟁이였을까?,미정
"장마와 태풍, 여름이라는 계절적 요인으로 승용차 이용률도 증가하여 추위가 오면 점검을 미뤘던 고장이 증가할 것으로 예상된다.",미정
전투 중 한 명을 뒤로 보내 적의 후방을 교란하거나 갑작스러운 전체 돌진으로 전세를 역전할 수 있다.,미정
바이러스는 어디로 튈지 모른다.,미정
"검사징계법 24조에 따르면 징계 사유와 관련해 공소가 제기된 경우 사건이 완결될 때까지 징계 심의가 정지되지만, 징계 사유에 대한 명백한 증명자료가 있는 경우 징계심의를 진행할 수 있다.",미정
여기에 한정된 코스트 내에서 별도 능력 ＇렙톤＇을 착용해 전략을 고도화할 수 있다.,미정
한일 관광산업이 직면한 문제의 해법을 한일 협력에서 찾아보는 것은 어떨까.,미정
17일 저녁 경기남부와 충청권을 중심으로 소나기가 내리는 곳이 있겠다.,미정
＇국보 1호＇ 숭례문 현판은 과연 누가 썼을까?,미정
"애써 오를 만한 산은 아니지만, 일생에 한 번은 가봐야 할 수행의 산길이라 할 수 있다.",미정
칠판에 적기 전에 수첩으로 먼저 확인또한 대표자 학생 중에 몇몇은 곧 수첩을 하나씩 지급받을 예정이다.,미정
특히 논란이 큰 것은 어떤 경우를 ＇대폭적인 업무 증가＇로 볼 수 있는지다.,미정
이날 경북 내륙지방을 중심으로 낮 기온이 오르면서 후텁지근한 날씨가 이어지겠다.,미정
남자와 여자는 친구가 될 수 있을까?,미정
"공군의 태평양 횡단 직항 비행은 처음으로, 이번 방미 비행을 통해 조종사들은 장거리 항법훈련을 경험할 수 있어 좋으며, 미 공군 기지 무료 사용과 워싱턴을 가기 위해 대한항공 인천~워싱턴 덜레스 항공편을 왕복 이용하는 비용보다 경제적으로 예산절감효과도 기대된다.",미정
＂기존에 설치된 제품과의 차이점은?＂,미정
강원 내륙에도 짙은 안개가 끼는 곳이 있겠다.,미정
그러면 그중에서 가장 효험이 좋았던 온천은 어디일까.,미정
유독 사망자가 중국에서만 나오는 이유가 뭘까?,미정
"우연이었을 수도 있겠지만, 모국 작품의 역사상 오스카 첫 수상 이후 멘트를 구하는 기자와 그해 아카데미에서 최다 수상작이 나온 나라의 기자를 대하는 태도가 달라졌는지도 모른다.",미정
e스포츠적인 측면을 강화해 리그에 참여하지 않는 이용자들도 함께 즐길 수 있는 구조를 만든다는 계획이다.,미정
이 기술이 구현되면 배드민턴을 배우는 사람들이 제대로 셔틀콕을 쳤는지 스스로 점검이 가능한 시스템이 만들어진다.,미정
문제는 ＇영재를 범재로 만들기＇ 교육의 폐해가 저출산으로 더욱 심화될 수 있다는 것이다.,미정
"기준금리 격차가 거의 없거나 미국의 기준금리가 더 높은 상태로 역전하는 상황이 발생할 경우, 외국인 투자자의 자금 유출과 함께 원화 가치가 더 하락할 수 있다.",미정
"제주항공은 지난 5월부터 인천~괌 노선 운항횟수를 주 2회에서 주 4회로 늘렸고, 오는 6월24일부터는 부산~싱가포르 노선 운항을 재개한다.",미정
"기능성 뿐 아니라 심미성도 고루 갖추고 있는 디자인 패널이라는 평가 속에 기존 건축외장재와는 달리 기술 특허와 디자인 특허를 출원한 상황이며, 현재 국제 특허 출원도 준비 중이다.",미정
"또한, KC-330은 오는 14일 개최되는 한미 안보협의회의 참석하는 우리 대표단을 태우고 태평양을 건너갈 예정이다.",미정
"과연 지금 한국의 기업, 사회, 국가는 어느 쪽에 가까울까?",미정
"＇시베리아 역병＇의 사례처럼 우리가 이미 알고 있던 감염병, 혹은 신종 감염병이 동물을 매개로, 혹은 직접 접촉을 통해 전 세계로 확산할 수 있습니다.",미정
팬덤이 계속 유지가 될 수 있도록 단순한 등기 권리증 역할을 넘어 NFT 소유자들을 위한 혜택을 만들어가는 것도 중요하다.,미정
"16일 기상청에 따르면 17일 늦은 오후부터 밤 사이 경기남부와 강원영서남부, 충청권, 경북서부에 돌풍과 천둥·번개를 동반한 소나기가 오는 곳이 있겠다.",미정
새로운 ＇ESL 프로 투어 스타크래프트2＇는 기존 ＇스타크래프트2 월드 챔피언십 시리즈＇를 계승해 네 개 이상의 대륙에서 펼쳐질 예정이다.,미정
"부트캠프에서는 게임 개발, 디자인, 비즈니스 개발, 유저 확보 및 수익화, 게임 테스팅 워크샵, 리더십 트레이닝 등 다양한 세션이 진행될 예정이다.",미정
그곳에도 골목은 있을까?,미정
아직은 이스포츠에 있어 전반적인 로드맵을 그리는 수준으로 향후 이스포츠에 적합한 게임들이 갈라게임즈를 통해 계속 공개될 것이다.,미정
＇기생충＇은 각본상 외에도 오스카 5개 부문에 후보로 이름을 올렸으며 현재 시상식이 진행 중이다.,미정
"금요일인 17일은 전국에 구름이 많고 밤부터 차차 흐려지겠으며, 낮부터 밤 사이 서울과 경기 남부, 강원 중·남부 내륙, 충청권 내륙, 전북 동부, 전남 북부 내륙, 경상 서부 내륙에 소나기가 오는 곳이 있겠다.",미정
특히 장인 랭킹을 통해 다른 이들이 만들 수 없는 아이템을 제작하거나 해당 서버에서만 가능한 아이템 제작을 맡을 수도 있다.,미정
"KF-X의 운용 주체인 공군은 10월 1일부터 오는 30일까지 ＇한국형 전투기 KF-X 명칭 공모전＇을 통해 공모된 작품 중에 명칭의 상징성, 호칭 용이성, 의미부여 등을 고려하여 심사해 공식 명칭으로 사용할 계획이다.",미정
반도체 업체 넥스트칩이 내달 1일 코스닥 상장을 위해 16일부터 이틀 간 기관투자자 대상 수요예측을 진행한다.,미정
핵무기로 세상을 위협하는 북한이 가장 두려워하는 것이 뭘까?,미정
공짜로 돈을 나눠주겠다는 데 반대할 도민이 과연 있을까.,미정
"전투기에 장착되는 다양한 유도무기 중에 아군의 피해 없이 원거리에서 지상에 있는 적의 전략 목표물을 타격하는 유도무기인 장거리 공대지유도탄은 F-15K의 경우 1발에 20억 원이 넘는 독일 타우러스 시스템즈의 KEPD 350을 200여 발을 국외 도입하였으나, KF-21은 블럭1과 블럭2 기체 모두 양산 일정과 전력화 시기 등을 전반적으로 고려하여 국방과학연구소를 중심으로 국내방산업체가 개발중인 한국형 장거리공대지유도탄이 탑재될 예정이다.",미정
"5월에는 인천-프랑크푸르트 노선을 5월28일부터 주 4회에서 주 5회로 증편하고, 인천-런던 노선 역시 5월30일부터 주 2회에서 주 3회로 증편한다.",미정
